Time (%),Total Time (ns),Instances,Avg (ns),Med (ns),Min (ns),Max (ns),StdDev (ns),Name
53.6,272786825,624,437158.4,426913.0,357537,586210,70740.9,"blitz::neural::<unnamed>::raster(const blitz::neural::<unnamed>::Triangle *, const unsigned long *, const unsigned int *, const unsigned int *, blitz::Pixel *, unsigned int, unsigned int, bool, double, blitz::neural::<unnamed>::Summary *)"
20.7,105278394,2464,42726.6,25665.0,24448,488130,41587.5,"blitz::neural::<unnamed>::appearance(const blitz::Pixel *, const blitz::Pixel *, blitz::neural::<unnamed>::Summary *, int, int, double, int, blitz::Weights, bool)"
6.6,33371091,86,388035.9,357985.5,178848,559202,116359.8,"blitz::neural::<unnamed>::single_edit(blitz::neural::<unnamed>::State *, const blitz::neural::<unnamed>::Edit *, unsigned int, unsigned int, unsigned int, unsigned int *)"
4.6,23456178,5040,4654.0,4576.0,4512,6240,141.6,"void cub::CUB_200802_SM_750::DeviceRadixSortOnesweepKernel<cub::CUB_200802_SM_750::detail::radix::policy_hub<unsigned long, cub::CUB_200802_SM_750::NullType, unsigned int>::Policy1000, (bool)0, unsigned long, cub::CUB_200802_SM_750::NullType, unsigned int, int, int, cub::CUB_200802_SM_750::detail::identity_decomposer_t>(T7 *, T7 *, T5 *, const T5 *, T3 *, const T3 *, T4 *, const T4 *, T6, int, int, T8)"
4.2,21501923,1232,17452.9,17712.5,14720,20704,1326.8,"blitz::neural::<unnamed>::initialize(const blitz::Pixel *, const blitz::Pixel *, float *, float *, blitz::neural::<unnamed>::Summary *, unsigned long)"
2.6,13019911,624,20865.2,20768.0,20544,21408,195.4,"blitz::neural::<unnamed>::triangles(const blitz::neural::<unnamed>::Vertex *, const blitz::Vec3 *, const unsigned int *, const unsigned short *, const unsigned char *, unsigned int, blitz::neural::<unnamed>::Triangle *, unsigned int *, blitz::neural::<unnamed>::Bins *, unsigned int, unsigned int, double, bool, bool)"
2.1,10836008,2464,4397.7,928.0,896,338082,30257.7,"blitz::neural::<unnamed>::edt(const float *, float *, int *, double *, int, const blitz::neural::<unnamed>::Summary *)"
0.9,4693616,4928,952.4,928.0,896,1920,70.5,"blitz::neural::<unnamed>::transpose(const float *, float *, int, const blitz::neural::<unnamed>::Summary *)"
0.9,4518132,624,7240.6,7072.0,6944,7968,286.0,"blitz::neural::<unnamed>::project(const blitz::Vec3 *, const blitz::Vec3 *, const blitz::ColorRGBA8 *, blitz::neural::<unnamed>::Vertex *, unsigned int, blitz::Bounds, blitz::Camera, unsigned int, unsigned char)"
0.8,4247342,2464,1723.8,928.0,896,62272,6890.4,"blitz::neural::<unnamed>::edt_binary(const float *, float *, int, const blitz::neural::<unnamed>::Summary *)"
0.6,3039850,630,4825.2,4832.0,4704,4960,30.3,"void cub::CUB_200802_SM_750::DeviceRadixSortHistogramKernel<cub::CUB_200802_SM_750::detail::radix::policy_hub<unsigned long, cub::CUB_200802_SM_750::NullType, unsigned int>::Policy1000, (bool)0, unsigned long, unsigned int, cub::CUB_200802_SM_750::detail::identity_decomposer_t>(T4 *, const T3 *, T4, int, int, T5)"
0.5,2549005,2464,1034.5,992.0,960,5280,265.1,"blitz::neural::<unnamed>::directed_coverage(const blitz::Pixel *, const float *, blitz::neural::<unnamed>::Summary *, unsigned long)"
0.4,1787528,82,21799.1,22336.0,14912,25920,2598.6,"blitz::neural::<unnamed>::place_vertices(blitz::neural::DeviceMeshView, blitz::neural::DeviceMeshView, const blitz::neural::<unnamed>::State *, const blitz::neural::<unnamed>::Edit *, const blitz::neural::Placement *, const unsigned int *, const unsigned int *, const unsigned int *, const unsigned int *, const unsigned int *, blitz::Vec3 *, blitz::Vec3 *, blitz::Vec2 *, blitz::ColorRGBA8 *, blitz::Vec4 *)"
0.3,1703018,706,2412.2,2336.0,2272,3104,158.0,"void cub::CUB_200802_SM_750::DeviceScanKernel<cub::CUB_200802_SM_750::detail::scan::policy_hub<unsigned int, unsigned int, unsigned int, unsigned int, cuda::std::__4::plus<void>>::Policy1000, unsigned int *, unsigned int *, cub::CUB_200802_SM_750::ScanTileState<unsigned int, (bool)1>, cuda::std::__4::plus<void>, cub::CUB_200802_SM_750::detail::InputValue<unsigned int, unsigned int *>, unsigned int, unsigned int, (bool)0>(T2, T3, T4, int, T5, T6, T7)"
0.2,1095875,624,1756.2,1600.0,1504,3328,312.6,"blitz::neural::<unnamed>::scatter(const blitz::neural::<unnamed>::Triangle *, const unsigned int *, unsigned long *, unsigned int, unsigned int)"
0.1,755746,630,1199.6,1184.0,1152,1536,23.2,"void cub::CUB_200802_SM_750::DeviceRadixSortExclusiveSumKernel<cub::CUB_200802_SM_750::detail::radix::policy_hub<unsigned long, cub::CUB_200802_SM_750::NullType, unsigned int>::Policy1000, unsigned int>(T2 *)"
0.1,731488,624,1172.3,1184.0,1120,1312,24.7,"blitz::neural::<unnamed>::ranges(const unsigned long *, unsigned int *, unsigned int *, unsigned int)"
0.1,670630,718,934.0,864.0,800,2496,247.5,"void cub::CUB_200802_SM_750::DeviceScanInitKernel<cub::CUB_200802_SM_750::ScanTileState<unsigned int, (bool)1>>(T1, int)"
0.1,666081,82,8122.9,8160.0,7776,8320,119.8,"blitz::neural::<unnamed>::validate_placement(blitz::neural::DeviceMeshView, const blitz::neural::<unnamed>::State *, const unsigned int *, const unsigned int *, const blitz::Vec3 *, const blitz::Vec3 *, const blitz::Vec2 *, unsigned int *)"
0.1,466658,3,155552.7,157088.0,151585,157985,3465.2,"blitz::neural::<unnamed>::enumerate(blitz::neural::DeviceMeshView, blitz::neural::<unnamed>::State *, blitz::neural::<unnamed>::TopologyView, const unsigned int *, blitz::neural::<unnamed>::Edit *, unsigned char *, unsigned int, bool)"
0.1,425601,3,141867.0,141632.0,140417,143552,1580.7,"blitz::neural::<unnamed>::vertex_features(blitz::neural::DeviceMeshView, blitz::neural::<unnamed>::TopologyView, const unsigned int *, const unsigned int *, const unsigned int *, blitz::Bounds, float *)"
0.1,419713,2,209856.5,209856.5,209632,210081,317.5,"blitz::neural::<unnamed>::fill_action_features(blitz::neural::DeviceMeshView, const blitz::neural::<unnamed>::State *, blitz::neural::<unnamed>::TopologyView, const blitz::neural::<unnamed>::Edit *, const float *, const float *, blitz::Bounds, unsigned int, float *, unsigned int, unsigned int)"
0.0,176480,82,2152.2,2144.0,1888,2304,67.4,"blitz::neural::<unnamed>::copy_trial(blitz::neural::DeviceMeshView, const blitz::neural::<unnamed>::State *, const unsigned int *, const unsigned int *, const unsigned int *, unsigned int *, unsigned short *, unsigned int)"
0.0,157089,82,1915.7,1920.0,1504,2208,99.8,"blitz::neural::<unnamed>::keep_faces(blitz::neural::DeviceMeshView, const blitz::neural::<unnamed>::State *, const unsigned int *, const unsigned int *, unsigned int *, unsigned int)"
0.0,138240,8,17280.0,16208.0,16096,24864,3065.7,"void cub::CUB_200802_SM_750::DeviceRadixSortOnesweepKernel<cub::CUB_200802_SM_750::detail::radix::policy_hub<float, unsigned int, unsigned int>::Policy1000, (bool)1, float, unsigned int, unsigned int, int, int, cub::CUB_200802_SM_750::detail::identity_decomposer_t>(T7 *, T7 *, T5 *, const T5 *, T3 *, const T3 *, T4 *, const T4 *, T6, int, int, T8)"
0.0,114368,82,1394.7,1408.0,1248,1568,92.8,"blitz::neural::<unnamed>::apply_map(const blitz::neural::<unnamed>::Edit *, const unsigned int *, const blitz::neural::<unnamed>::State *, unsigned int *)"
0.0,105890,4,26472.5,26208.5,25920,27553,769.7,"blitz::neural::<unnamed>::teacher_placements(blitz::neural::DeviceMeshView, blitz::neural::<unnamed>::TopologyView, const blitz::neural::<unnamed>::Edit *, const unsigned int *, blitz::neural::GpuActionState::Proposal *, const blitz::neural::Placement *)"
0.0,104865,2,52432.5,52432.5,50112,54753,3281.7,"blitz::neural::<unnamed>::rank_actions(blitz::neural::DeviceMeshView, blitz::neural::<unnamed>::State *, blitz::neural::<unnamed>::TopologyView, const blitz::neural::<unnamed>::Edit *, const float *, const float *, float *, unsigned int *, blitz::NeuralRanking, double, unsigned int, unsigned int, unsigned int)"
0.0,103872,82,1266.7,1152.0,992,2400,285.2,"blitz::neural::<unnamed>::assign_placement(const unsigned int *, blitz::neural::Placement *, blitz::neural::Placement)"
0.0,80576,3,26858.7,26848.0,26720,27008,144.3,"blitz::neural::<unnamed>::connected_fans(blitz::neural::DeviceMeshView, blitz::neural::<unnamed>::TopologyView, const unsigned int *, unsigned int *, unsigned char *)"
0.0,58273,12,4856.1,4848.5,4192,5344,362.1,"blitz::neural::<unnamed>::sort_lists(const unsigned int *, unsigned int *, unsigned int)"
0.0,21216,12,1768.0,1760.0,1632,1984,99.5,"void cub::CUB_200802_SM_750::DeviceScanKernel<cub::CUB_200802_SM_750::detail::scan::policy_hub<unsigned int, unsigned int, unsigned int, unsigned int, cuda::std::__4::plus<void>>::Policy1000, unsigned int *, unsigned int *, cub::CUB_200802_SM_750::ScanTileState<unsigned int, (bool)1>, cuda::std::__4::plus<void>, cub::CUB_200802_SM_750::NullType, unsigned int, unsigned int, (bool)0>(T2, T3, T4, int, T5, T6, T7)"
0.0,17184,6,2864.0,2896.0,2624,2944,121.0,"void cub::CUB_200802_SM_750::DeviceReduceByKeyKernel<cub::CUB_200802_SM_750::detail::rle::encode::policy_hub<unsigned int, unsigned long>::Policy1000, unsigned long *, unsigned long *, thrust::THRUST_200802_SM_750_NS::constant_iterator<unsigned int, int, thrust::THRUST_200802_SM_750_NS::use_default>, unsigned int *, unsigned int *, cub::CUB_200802_SM_750::ReduceByKeyScanTileState<unsigned int, int, (bool)1>, cuda::std::__4::equal_to<void>, cuda::std::__4::plus<void>, int, unsigned int>(T2, T3, T4, T5, T6, T7, int, T8, T9, T10)"
0.0,11840,6,1973.3,1920.0,1792,2336,215.8,"blitz::neural::<unnamed>::scatter_faces(blitz::neural::DeviceMeshView, const blitz::neural::<unnamed>::State *, const unsigned int *, unsigned int *, unsigned int *, unsigned int)"
0.0,10528,6,1754.7,1744.0,1696,1824,47.1,"blitz::neural::<unnamed>::scatter_edges(blitz::neural::<unnamed>::TopologyView, unsigned int *, unsigned int *, unsigned int)"
0.0,10336,3,3445.3,3424.0,3424,3488,37.0,"void cub::CUB_200802_SM_750::DeviceSelectSweepKernel<cub::CUB_200802_SM_750::detail::select::policy_hub<blitz::neural::<unnamed>::Edit, unsigned char, int, (bool)0, (bool)0, (bool)0>::Policy1000, blitz::neural::<unnamed>::Edit *, unsigned char *, blitz::neural::<unnamed>::Edit *, unsigned int *, cub::CUB_200802_SM_750::ScanTileState<int, (bool)1>, cub::CUB_200802_SM_750::NullType, cub::CUB_200802_SM_750::NullType, int, cub::CUB_200802_SM_750::detail::select::streaming_context_t<long, (bool)1>, (bool)0, (bool)0>(T2, T3, T4, T5, T6, T7, T8, T9, int, T10, cub::CUB_200802_SM_750::detail::vsmem_t)"
0.0,10304,2,5152.0,5152.0,2496,7808,3756.2,"blitz::neural::<unnamed>::lookup_vertices(blitz::neural::DeviceMeshView, const unsigned int *, unsigned int, unsigned int *, bool)"
0.0,10240,6,1706.7,1728.0,1632,1760,62.9,"blitz::neural::<unnamed>::edge_degrees(const unsigned long *, const unsigned int *, const unsigned int *, unsigned int *, unsigned int *, unsigned int)"
0.0,10016,6,1669.3,1664.0,1632,1760,47.1,"blitz::neural::<unnamed>::edge_keys(blitz::neural::DeviceMeshView, const blitz::neural::<unnamed>::State *, const unsigned int *, unsigned long *, unsigned int *, unsigned int *, unsigned int)"
0.0,9536,2,4768.0,4768.0,3296,6240,2081.7,"blitz::neural::<unnamed>::insert_vertices(blitz::neural::DeviceMeshView, unsigned int *, unsigned int, bool)"
0.0,8416,2,4208.0,4208.0,4192,4224,22.6,"void cub::CUB_200802_SM_750::DeviceRadixSortHistogramKernel<cub::CUB_200802_SM_750::detail::radix::policy_hub<float, unsigned int, unsigned int>::Policy1000, (bool)1, float, unsigned int, cub::CUB_200802_SM_750::detail::identity_decomposer_t>(T4 *, const T3 *, T4, int, int, T5)"
0.0,5152,6,858.7,864.0,832,896,24.1,"void cub::CUB_200802_SM_750::DeviceCompactInitKernel<cub::CUB_200802_SM_750::ReduceByKeyScanTileState<unsigned int, int, (bool)1>, unsigned int *>(T1, int, T2)"
0.0,3104,2,1552.0,1552.0,1440,1664,158.4,"blitz::neural::<unnamed>::copy_commit(unsigned int *, unsigned short *, const unsigned int *, const unsigned short *, const unsigned int *, unsigned int)"
0.0,2912,2,1456.0,1456.0,1376,1536,113.1,"blitz::neural::<unnamed>::teacher_records(const blitz::neural::<unnamed>::State *, const blitz::neural::<unnamed>::Edit *, const float *, const unsigned int *, blitz::neural::Action *, float *, unsigned int)"
0.0,2656,2,1328.0,1328.0,1312,1344,22.6,"blitz::neural::<unnamed>::teacher_selection(const blitz::neural::<unnamed>::State *, const unsigned int *, unsigned int *, unsigned int, unsigned int)"
0.0,2560,3,853.3,864.0,832,864,18.5,"void cub::CUB_200802_SM_750::DeviceCompactInitKernel<cub::CUB_200802_SM_750::ScanTileState<int, (bool)1>, unsigned int *>(T1, int, T2)"
0.0,2336,2,1168.0,1168.0,1152,1184,22.6,"void cub::CUB_200802_SM_750::DeviceRadixSortExclusiveSumKernel<cub::CUB_200802_SM_750::detail::radix::policy_hub<float, unsigned int, unsigned int>::Policy1000, unsigned int>(T2 *)"
0.0,2016,2,1008.0,1008.0,992,1024,22.6,"blitz::neural::<unnamed>::commit_faces(blitz::neural::<unnamed>::State *, const unsigned int *, unsigned int)"
0.0,1952,1,1952.0,1952.0,1952,1952,0.0,"blitz::neural::<unnamed>::mark_seams(blitz::neural::DeviceMeshView, const unsigned int *, unsigned int *)"
