run,pass,bake_seconds,chain_retained_percent,candidate_evaluations,audit_evaluations
chain-search-coverage-baseline,0,119.310419302,30.21173694641987,496,
chain-search-coverage-legacy-2,0,166.35131661699998,31.21021343658976,1011,
chain-search-coverage-legacy-4,0,260.403204738,33.14662003584869,1622,
chain-search-v3-coverage-graph-2,0,110.388083878,30.21173694641987,496,1728
chain-search-v3-coverage-graph-2,1,256.90163582700006,26.7299517235799,944,3231
chain-search-v3-coverage-graph-4,0,146.730792065,30.21173694641987,496,1728
chain-search-v3-coverage-graph-4,1,315.21808987500003,26.7299517235799,944,3231
chain-search-v3-coverage-graph-4,2,453.227295112,25.923043221544102,1392,4348
chain-search-v3-coverage-graph-4,3,598.184644357,25.274831208311422,1840,5739
