Time (%),Total Time (ns),Num Calls,Avg (ns),Med (ns),Min (ns),Max (ns),StdDev (ns),Name
63.3,733751637,723,1014870.9,4881.0,2937,56515812,6736496.4,cudaMemcpyAsync
14.3,165674858,1107,149661.1,4647.0,1147,33810781,1384523.0,cudaLaunchKernel
12.3,142986553,1,142986553.0,142986553.0,142986553,142986553,0.0,cudaMemGetInfo
8.7,100860202,2048,49248.1,42147.5,40403,5672448,136888.3,cudaGraphLaunch
0.6,6562514,564,11635.7,2931.5,1156,647549,56784.8,cudaStreamSynchronize
0.3,3067903,38,80734.3,15675.5,1119,1262579,203548.4,cudaFree
0.2,2027009,46,44065.4,45504.5,2921,137771,38304.1,cudaMalloc
0.1,1227833,128,9592.4,1260.0,1074,251151,34744.7,cudaStreamCreateWithPriority
0.1,1168425,2,584212.5,584212.5,531245,637180,74907.4,cudaGetDeviceProperties
0.1,1127162,2057,548.0,527.0,466,5102,195.5,cudaStreamIsCapturing
0.0,575508,3,191836.0,14703.0,9647,551158,311192.2,cudaHostAlloc
0.0,209142,1257,166.4,146.0,105,1163,68.1,cuGetProcAddress_v2
0.0,195965,1,195965.0,195965.0,195965,195965,0.0,cudaGraphInstantiateWithFlags
0.0,169136,12,14094.7,14788.0,11116,17389,1932.8,cudaMemcpy
0.0,83044,17,4884.9,3508.0,1668,12915,4259.4,cudaDeviceSynchronize
0.0,69189,108,640.6,383.5,310,5299,713.3,cudaEventCreateWithFlags
0.0,46204,1,46204.0,46204.0,46204,46204,0.0,cudaGraphExecDestroy
0.0,42526,8,5315.8,5346.0,2191,10432,2494.2,cudaMemsetAsync
0.0,36287,72,504.0,425.5,286,2040,314.9,cudaEventDestroy
0.0,14599,20,730.0,720.5,318,1897,332.8,cudaStreamGetCaptureInfo_v2
0.0,10740,1,10740.0,10740.0,10740,10740,0.0,cudaGraphDestroy
0.0,6145,5,1229.0,1046.0,743,1798,460.0,cuInit
0.0,3128,4,782.0,136.5,119,2736,1302.7,cuModuleGetLoadingMode
0.0,3084,1,3084.0,3084.0,3084,3084,0.0,cudaStreamEndCapture
0.0,2630,1,2630.0,2630.0,2630,2630,0.0,cudaStreamBeginCapture
0.0,2351,4,587.8,577.5,372,824,202.0,cudaThreadExchangeStreamCaptureMode
0.0,1162,1,1162.0,1162.0,1162,1162,0.0,cudaGraphGetNodes
0.0,1046,2,523.0,523.0,275,771,350.7,cudaGetDriverEntryPoint
